Track Name,Artist Name(s),Track URL,Album Name,Album Artist Name(s),Album Release Date,Album Image URL,Disc Number,Track Number,Track Duration (ms),Explicit,Popularity,ISRC,Added At,Artist Genres,Danceability,Energy,Key,Loudness,Mode,Speechiness,Acousticness,Instrumentalness,Liveness,Valence,Tempo,Time Signature,Album Genres,Label,Copyrights
Dancing Queen,ABBA,https://firebasestorage.googleapis.com/v0/b/surfio-417b9.appspot.com/o/music%2FABBA%20-%20Dancing%20Queen%20(Official%20Lyric%20Video).mp3?alt=media,Arrival,ABBA,1976,https://i.scdn.co/image/ab67616d0000b27370f7a1b35d5165c85b95a0e0,1,2,230400,FALSE,87,SEAYD7601020,2021-08-08T09:26:31Z,"europop,swedish pop",0.543,0.87,9,-6.514,1,0.0428,0.358,0.000939,0.792,0.754,100.804,4,,Polar Music International AB,"C © 2001 Polar Music International AB, P This Compilation ℗ 2001 Polar Music International AB"
Back In Black,AC/DC,https://firebasestorage.googleapis.com/v0/b/surfio-417b9.appspot.com/o/music%2FACDC%20-%20Back%20In%20Black%20(Official%20Video).mp3?alt=media,Back In Black,AC/DC,7/25/1980,https://i.scdn.co/image/ab67616d0000b2730b51f8d91f3a21e8426361ae,1,6,255493,FALSE,87,AUAP08000046,2021-08-08T09:26:31Z,"australian rock,hard rock,rock",0.31,0.7,9,-5.678,1,0.047,0.011,0.00965,0.0828,0.763,188.386,4,,Columbia,P (P) 1980 Leidseplein Presse B.V.
Highway to Hell,AC/DC,https://firebasestorage.googleapis.com/v0/b/surfio-417b9.appspot.com/o/music%2FACDC%20-%20Highway%20to%20Hell%20(Official%20Video).mp3?alt=media,Highway to Hell,AC/DC,7/27/1979,https://i.scdn.co/image/ab67616d0000b27351c02a77d09dfcd53c8676d0,1,1,208400,FALSE,88,AUAP07900028,2021-08-08T09:26:31Z,"australian rock,hard rock,rock",0.574,0.913,6,-4.793,0,0.133,0.061,0.00158,0.156,0.423,115.728,4,,Columbia,P (P) 1979 Leidseplein Presse B.V. for U.S. and Australian Music Corporation Pty Ltd. for rest of world
Take on Me,a-ha,https://firebasestorage.googleapis.com/v0/b/surfio-417b9.appspot.com/o/music%2Fa-ha%20-%20Take%20On%20Me%20(Official%20Video).mp3?alt=media,Hunting High and Low,a-ha,6/1/1985,https://i.scdn.co/image/ab67616d0000b273e8dd4db47e7177c63b0b7d53,1,1,225280,FALSE,90,USWB19901214,2021-08-08T09:26:31Z,"new romantic,new wave,new wave pop,permanent wave,synthpop",0.573,0.902,6,-7.638,0,0.054,0.018,0.00125,0.0928,0.876,84.412,4,,Rhino,"C © 1985 Warner Records Inc., P ℗ 1985 Warner Records Inc."
Let Me Down Slowly,Alec Benjamin,https://firebasestorage.googleapis.com/v0/b/surfio-417b9.appspot.com/o/music%2FAlec%20Benjamin%20-%20Let%20Me%20Down%20Slowly%20[Official%20Music%20Video].mp3?alt=media,Narrated For You,Alec Benjamin,11/16/2018,https://i.scdn.co/image/ab67616d0000b273459d675aa0b6f3b211357370,1,4,169353,FALSE,90,USAT21802284,2021-08-08T09:26:31Z,"alt z,pop,pov: indie",0.652,0.557,1,-5.714,0,0.0318,0.74,0,0.124,0.483,150.073,4,,2018,"C 2018, P 2018"
7 rings,Ariana Grande,https://firebasestorage.googleapis.com/v0/b/surfio-417b9.appspot.com/o/music%2FAriana%20Grande%20-%207%20rings%20(Official%20Video).mp3?alt=media,"thank u, next",Ariana Grande,2/8/2019,https://i.scdn.co/image/ab67616d0000b27356ac7b86e090f307e218e9c8,1,10,178626,TRUE,87,USUM71900110,2021-08-08T09:26:31Z,pop,0.778,0.317,1,-10.732,0,0.334,0.592,0,0.0881,0.327,140.048,4,,Republic Records,"C © 2019 Republic Records, a division of UMG Recordings, Inc., P ℗ 2019 Republic Records, a division of UMG Recordings, Inc."
The Nights,Avicii,https://firebasestorage.googleapis.com/v0/b/surfio-417b9.appspot.com/o/music%2FAvicii%20-%20The%20Nights.mp3?alt=media,The Days / Nights,Avicii,1/1/2014,https://i.scdn.co/image/ab67616d0000b2730ae4f4d42e4a09f3a29f64ad,1,2,176658,FALSE,89,CH3131340464,2021-08-08T09:26:31Z,"edm,pop,pop dance",0.527,0.835,6,-5.298,1,0.0433,0.0166,0,0.249,0.654,125.983,4,,Universal Music AB,"C © 2014 Avicii Music AB, under exclusive license to Universal Music AB, P ℗ 2014 Avicii Music AB, under exclusive license to Universal Music AB"
everything i wanted,Billie Eilish,https://firebasestorage.googleapis.com/v0/b/surfio-417b9.appspot.com/o/music%2FBillie%20Eilish%20-%20everything%20i%20wanted%20(Official%20Music%20Video).mp3?alt=media,everything i wanted,Billie Eilish,11/13/2019,https://i.scdn.co/image/ab67616d0000b273f2248cf6dad1d6c062587249,1,1,245425,FALSE,87,USUM71922577,2021-08-08T09:26:31Z,"art pop,electropop,pop",0.704,0.225,6,-14.454,0,0.0994,0.902,0.657,0.106,0.243,120.006,4,,Darkroom/Interscope Records,"C © 2019 Darkroom/Interscope Records, P ℗ 2019 Darkroom/Interscope Records"
lovely (with Khalid),"Billie Eilish, Khalid","https://firebasestorage.googleapis.com/v0/b/surfio-417b9.appspot.com/o/music%2FBillie%20Eilish,%20Khalid%20-%20lovely.mp3?alt=media",lovely (with Khalid),"Billie Eilish, Khalid",4/19/2018,https://i.scdn.co/image/ab67616d0000b2738a3f0a3ca7929dea23cd274c,1,1,200185,FALSE,91,USUM71804190,2021-08-08T09:26:31Z,"art pop,electropop,pop,pop,pop r&b",0.351,0.296,4,-10.109,0,0.0333,0.934,0,0.095,0.12,115.284,4,,Darkroom,"C © 2018 Darkroom/Interscope Records, P ℗ 2018 Darkroom/Interscope Records"
Livin' On A Prayer,Bon Jovi,https://firebasestorage.googleapis.com/v0/b/surfio-417b9.appspot.com/o/music%2FBon%20Jovi%20-%20Livin'%20On%20A%20Prayer.mp3?alt=media,Slippery When Wet,Bon Jovi,8/16/1986,https://i.scdn.co/image/ab67616d0000b2731336b31b6a1799f0de5807ac,1,3,249293,FALSE,89,USPR38619998,2021-08-08T09:26:31Z,"glam metal,rock",0.532,0.887,0,-3.757,1,0.0335,0.0778,0.000214,0.294,0.795,122.511,4,,Island Records,"C © 1986 UMG Recordings, Inc., P ℗ 1986 UMG Recordings, Inc."
Locked out of Heaven,Bruno Mars,https://firebasestorage.googleapis.com/v0/b/surfio-417b9.appspot.com/o/music%2FBruno%20Mars%20-%20Locked%20Out%20Of%20Heaven%20(Official%20Music%20Video).mp3?alt=media,Unorthodox Jukebox,Bruno Mars,12/7/2012,https://i.scdn.co/image/ab67616d0000b273926f43e7cce571e62720fd46,1,2,233478,FALSE,91,USAT21203287,2021-08-08T09:26:31Z,"dance pop,pop",0.726,0.698,5,-4.165,1,0.0431,0.049,0,0.309,0.867,143.994,4,,Atlantic Records,"C © 2012 Atlantic Recording Corporation for the United States and WEA International Inc. for the world outside of the United States, P ℗ 2012 Atlantic Recording Corporation for the United States and WEA International Inc. for the world outside of the United States"
That's What I Like,Bruno Mars,https://firebasestorage.googleapis.com/v0/b/surfio-417b9.appspot.com/o/music%2FBruno%20Mars%20-%20Thats%20What%20I%20Like%20[Official%20Music%20Video].mp3?alt=media,24K Magic,Bruno Mars,11/17/2016,https://i.scdn.co/image/ab67616d0000b273232711f7d66a1e19e89e28c5,1,4,206693,FALSE,88,USAT21602948,2021-08-08T09:26:31Z,"dance pop,pop",0.853,0.56,1,-4.961,1,0.0406,0.013,0,0.0944,0.86,134.066,4,,Atlantic Records,"C © 2016 Atlantic Recording Corporation for the United States and WEA International Inc. for the world outside of the United States. A Warner Music Group Company, P ℗ 2016 Atlantic Recording Corporation for the United States and WEA International Inc. for the world outside of the United States. A Warner Music Group Company"
When I Was Your Man,Bruno Mars,https://firebasestorage.googleapis.com/v0/b/surfio-417b9.appspot.com/o/music%2FBruno%20Mars%20-%20When%20I%20Was%20Your%20Man%20(Official%20Music%20Video).mp3?alt=media,Unorthodox Jukebox,Bruno Mars,12/7/2012,https://i.scdn.co/image/ab67616d0000b273926f43e7cce571e62720fd46,1,6,213826,FALSE,90,USAT21206701,2021-08-08T09:26:31Z,"dance pop,pop",0.612,0.28,0,-8.648,1,0.0434,0.932,0,0.088,0.387,72.795,4,,Atlantic Records,"C © 2012 Atlantic Recording Corporation for the United States and WEA International Inc. for the world outside of the United States, P ℗ 2012 Atlantic Recording Corporation for the United States and WEA International Inc. for the world outside of the United States"
One Kiss (with Dua Lipa),"Calvin Harris, Dua Lipa","https://firebasestorage.googleapis.com/v0/b/surfio-417b9.appspot.com/o/music%2FCalvin%20Harris,%20Dua%20Lipa%20-%20One%20Kiss%20(Official%20Video).mp3?alt=media",One Kiss (with Dua Lipa),"Calvin Harris, Dua Lipa",4/6/2018,https://i.scdn.co/image/ab67616d0000b273d09f96d82310d4d77c14c108,1,1,214846,FALSE,89,GBARL1800368,2021-08-08T09:26:31Z,"dance pop,edm,electro house,house,pop,progressive house,uk dance,dance pop,pop,uk pop",0.791,0.862,9,-3.24,0,0.11,0.037,2.19E-05,0.0814,0.592,123.994,4,,Sony Music UK,P (P) 2018 Sony Music Entertainment UK Limited
Miracle (with Ellie Goulding),"Calvin Harris, Ellie Goulding","https://firebasestorage.googleapis.com/v0/b/surfio-417b9.appspot.com/o/music%2FCalvin%20Harris,%20Ellie%20Goulding%20-%20Miracle%20(Official%20Video).mp3?alt=media",Miracle (with Ellie Goulding),"Calvin Harris, Ellie Goulding",3/10/2023,https://i.scdn.co/image/ab67616d0000b273c58e22815048f8dfb1aa8bd0,1,1,186496,FALSE,92,GBARL2300300,2023-05-04T06:30:45Z,"dance pop,edm,electro house,house,pop,progressive house,uk dance,indietronica,metropopolis,pop,uk pop",0.636,0.869,9,-5.289,1,0.0412,0.0378,0.0446,0.0808,0.306,143.011,4,,Columbia,P (P) 2023 Sony Music Entertainment UK Limited
A Sky Full of Stars,Coldplay,https://firebasestorage.googleapis.com/v0/b/surfio-417b9.appspot.com/o/music%2FColdplay%20-%20A%20Sky%20Full%20Of%20Stars%20(Official%20Video).mp3?alt=media,Ghost Stories,Coldplay,5/19/2014,https://i.scdn.co/image/ab67616d0000b273f864bcdcc245f06831d17ae0,1,8,267866,FALSE,89,GBAYE1400217,2021-08-08T09:26:31Z,"permanent wave,pop",0.545,0.675,6,-6.474,1,0.0279,0.00617,0.00197,0.209,0.162,124.97,4,,Parlophone UK,"C © 2014 Parlophone Records Limited, a Warner Music Group Company., P ℗ 2014 Parlophone Records Limited, a Warner Music Group Company."
Fix You,Coldplay,https://firebasestorage.googleapis.com/v0/b/surfio-417b9.appspot.com/o/music%2FColdplay%20-%20Fix%20You%20(Official%20Video).mp3?alt=media,X&Y,Coldplay,6/7/2005,https://i.scdn.co/image/ab67616d0000b2734e0362c225863f6ae2432651,1,4,295533,FALSE,87,GBAYE0500605,2021-08-08T09:26:31Z,"permanent wave,pop",0.209,0.417,3,-8.74,1,0.0338,0.164,0.00196,0.113,0.124,138.178,4,,Parlophone Records Limited,"C © 2005 Parlophone Records Ltd, a Warner Music Group Company, P ℗ 2005 Parlophone Records Ltd, a Warner Music Group Company"
Hymn for the Weekend,Coldplay,https://firebasestorage.googleapis.com/v0/b/surfio-417b9.appspot.com/o/music%2FColdplay%20-%20Hymn%20For%20The%20Weekend%20(Official%20Video).mp3?alt=media,A Head Full of Dreams,Coldplay,12/4/2015,https://i.scdn.co/image/ab67616d0000b2738ff7c3580d429c8212b9a3b6,1,3,258266,FALSE,87,GBAYE1500979,2021-08-08T09:26:31Z,"permanent wave,pop",0.491,0.693,0,-6.487,0,0.0377,0.211,6.92E-06,0.325,0.412,90.027,4,,Parlophone UK,"C © 2015 Parlophone Records Limited, a Warner Music Group Company, P ℗ 2015 Parlophone Records Limited, a Warner Music Group Company"
Paradise,Coldplay,https://firebasestorage.googleapis.com/v0/b/surfio-417b9.appspot.com/o/music%2FColdplay%20-%20Paradise%20(Official%20Video).mp3?alt=media,Mylo Xyloto,Coldplay,10/24/2011,https://i.scdn.co/image/ab67616d0000b273de0cd11d7b31c3bd1fd5983d,1,3,278719,FALSE,88,GBAYE1101143,2021-08-08T09:26:31Z,"permanent wave,pop",0.449,0.585,5,-6.761,1,0.0268,0.0509,8.75E-05,0.0833,0.212,139.631,4,,Parlophone UK,"C © 2011 Parlophone Records Ltd, a Warner Music Group Company, P ℗ 2011 Parlophone Records Ltd, a Warner Music Group Company"
The Scientist,Coldplay,https://firebasestorage.googleapis.com/v0/b/surfio-417b9.appspot.com/o/music%2FColdplay%20-%20The%20Scientist%20(Official%204K%20Video).mp3?alt=media,A Rush of Blood to the Head,Coldplay,8/8/2002,https://i.scdn.co/image/ab67616d0000b273de09e02aa7febf30b7c02d82,1,4,309600,FALSE,88,GBAYE0200772,2021-08-08T09:26:31Z,"permanent wave,pop",0.557,0.442,5,-7.224,1,0.0243,0.731,1.46E-05,0.11,0.213,146.277,4,,Parlophone Records Limited,"C © 2002 Parlophone Records Ltd, a Warner Music Group Company, P ℗ 2002 Parlophone Records Ltd, a Warner Music Group Company"
Viva La Vida,Coldplay,https://firebasestorage.googleapis.com/v0/b/surfio-417b9.appspot.com/o/music%2FColdplay%20-%20Viva%20La%20Vida%20(Official%20Video).mp3?alt=media,Viva La Vida or Death and All His Friends,Coldplay,5/26/2008,https://i.scdn.co/image/ab67616d0000b273e21cc1db05580b6f2d2a3b6e,1,7,242373,FALSE,90,GBAYE0800265,2021-08-08T09:26:31Z,"permanent wave,pop",0.486,0.617,5,-7.115,0,0.0287,0.0954,3.23E-06,0.109,0.417,138.015,4,,Parlophone UK,"C © 2008 Parlophone Records Ltd, a Warner Music Group Company, P ℗ 2008 Parlophone Records Ltd, a Warner Music Group Company"
Yellow,Coldplay,https://firebasestorage.googleapis.com/v0/b/surfio-417b9.appspot.com/o/music%2FColdplay%20-%20Yellow%20(Official%20Video).mp3?alt=media,Parachutes,Coldplay,7/10/2000,https://i.scdn.co/image/ab67616d0000b2733d92b2ad5af9fbc8637425f0,1,5,266773,FALSE,93,GBAYE0000267,2021-08-08T09:26:31Z,"permanent wave,pop",0.429,0.661,11,-7.227,1,0.0281,0.00239,0.000121,0.234,0.285,173.372,4,,Parlophone UK,"C © 2000 Parlophone Records Ltd, a Warner Music Group Company, P ℗ 2000 Parlophone Records Ltd, a Warner Music Group Company"
Heather,Conan Gray,https://firebasestorage.googleapis.com/v0/b/surfio-417b9.appspot.com/o/music%2FConan%20Gray%20-%20Heather.mp3?alt=media,Kid Krow,Conan Gray,3/20/2020,https://i.scdn.co/image/ab67616d0000b27388e3cda6d29b2552d4d6bc43,1,10,198040,FALSE,89,USUM71924264,2021-08-08T09:26:31Z,"bedroom pop,pop,pov: indie",0.357,0.425,5,-7.301,1,0.0333,0.584,0,0.322,0.27,102.078,3,,Republic Records,"C © 2020 Republic Records, a division of UMG Recordings, Inc., P ℗ 2020 Republic Records, a division of UMG Recordings, Inc."
Fortunate Son,Creedence Clearwater Revival,https://firebasestorage.googleapis.com/v0/b/surfio-417b9.appspot.com/o/music%2FCreedence%20Clearwater%20Revival%20-%20Fortunate%20Son%20(Official%20Music%20Video).mp3?alt=media,Willy And The Poor Boys (Expanded Edition),Creedence Clearwater Revival,11/2/1969,https://i.scdn.co/image/ab67616d0000b2739f39192f9f8ca1c90847b3e5,1,6,140773,FALSE,88,USC4R0817618,2021-08-08T09:26:31Z,"classic rock,country rock,rock,southern rock,swamp rock",0.64,0.663,0,-7.516,1,0.0374,0.201,0.00806,0.152,0.663,132.77,4,,Craft Recordings,"C © 2008 Concord Music Group, Inc., P ℗ 2008 Concord Music Group, Inc."
Baby Don't Hurt Me,"David Guetta, Anne-Marie, Coi Leray","https://firebasestorage.googleapis.com/v0/b/surfio-417b9.appspot.com/o/music%2FDavid%20Guetta,%20Anne-Marie,%20Coi%20Leray%20-%20Baby%20Dont%20Hurt%20Me%20(Official%20Video)%20(1).mp3?alt=media",Baby Don't Hurt Me,"David Guetta, Anne-Marie, Coi Leray",4/6/2023,https://i.scdn.co/image/ab67616d0000b2730b4ef75c3728599aa4104f7a,1,1,140017,FALSE,94,UKWLG2300016,2023-07-11T05:37:45Z,"big room,dance pop,edm,pop,pop dance,pop,new jersey underground rap,trap queen",0.602,0.91,7,-3.404,1,0.0308,0.00126,0.000174,0.12,0.228,127.944,4,,Parlophone UK,"C Under license to Warner Music UK Limited, © 2023 What A DJ Ltd, P Under license to Warner Music UK Limited, ℗ 2023 What A DJ Ltd"
I'm Good (Blue),"David Guetta, Bebe Rexha",https://firebasestorage.googleapis.com/v0/b/surfio-417b9.appspot.com/o/music%2FDavid%20Guetta%20&%20Bebe%20Rexha%20-%20I'm%20Good%20(Blue)%20[Official%20Music%20Video].mp3?alt=media,I'm Good (Blue),"David Guetta, Bebe Rexha",8/26/2022,https://i.scdn.co/image/ab67616d0000b273933c036cd61cd40d3f17a9c4,1,1,175238,TRUE,95,UKWLG2200055,2022-08-31T00:29:21Z,"big room,dance pop,edm,pop,pop dance,dance pop,pop",0.561,0.965,7,-3.673,0,0.0343,0.00383,7.07E-06,0.371,0.304,128.04,4,,Parlophone UK,"C Under license to Warner Music UK Limited, © 2022 What A DJ Ltd, P Under license to Warner Music UK Limited, ℗ 2022 What A DJ Ltd"
God's Plan,Drake,https://firebasestorage.googleapis.com/v0/b/surfio-417b9.appspot.com/o/music%2FDrake%20-%20God's%20Plan.mp3?alt=media,Scorpion,Drake,6/29/2018,https://i.scdn.co/image/ab67616d0000b273f907de96b9a4fbc04accc0d5,1,5,198973,TRUE,88,USCM51800004,2021-08-08T09:26:31Z,"canadian hip hop,canadian pop,hip hop,rap,toronto rap",0.754,0.449,7,-9.211,1,0.109,0.0332,8.29E-05,0.552,0.357,77.169,4,,Cash Money/Drake LP6,"C © 2018 Young Money/Cash Money Records, P ℗ 2018 Young Money/Cash Money Records"
Dance The Night (From Barbie The Album),Dua Lipa,https://firebasestorage.googleapis.com/v0/b/surfio-417b9.appspot.com/o/music%2FDua%20Lipa%20-%20Dance%20The%20Night%20(From%20Barbie%20The%20Album)%20[Official%20Music%20Video].mp3?alt=media,Dance The Night (From Barbie The Album),Dua Lipa,5/25/2023,https://i.scdn.co/image/ab67616d0000b2737dd3ba455ee3390cb55b0192,1,1,176579,FALSE,95,USAT22305457,2023-05-28T04:12:13Z,"dance pop,pop,uk pop",0.671,0.845,11,-4.93,0,0.048,0.0207,0,0.329,0.775,110.056,4,,Atlantic Records,"C © 2023 Atlantic Recording Corporation, Warner Bros. Entertainment, Inc. & Mattel, Inc., P ℗ 2023 Atlantic Recording Corporation, Warner Bros. Entertainment, Inc. & Mattel, Inc."
Levitating (feat. DaBaby),"Dua Lipa, DaBaby",https://firebasestorage.googleapis.com/v0/b/surfio-417b9.appspot.com/o/music%2FDua%20Lipa%20-%20Levitating%20Featuring%20DaBaby%20(Official%20Music%20Video).mp3?alt=media,Future Nostalgia,Dua Lipa,3/27/2020,https://i.scdn.co/image/ab67616d0000b273d4daf28d55fe4197ede848be,1,12,203064,FALSE,87,GBAHT2000942,2021-08-08T09:26:31Z,"dance pop,pop,uk pop,hip hop,north carolina hip hop,rap,trap",0.702,0.825,6,-3.787,0,0.0601,0.00883,0,0.0674,0.915,102.977,4,,Warner Records,"C © 2020 Dua Lipa Limited under exclusive license to Warner Records UK, a division of Warner Music UK Limited, P ℗ 2020 Dua Lipa Limited under exclusive license to Warner Records UK, a division of Warner Music UK Limited, with the exception of track 1 & 2 2019 Dua Lipa Limited under exclusive license to Warner Records UK, a division of Warner Music UK Limited"
Eyes Closed,Ed Sheeran,https://firebasestorage.googleapis.com/v0/b/surfio-417b9.appspot.com/o/music%2FEd%20Sheeran%20-%20Eyes%20Closed%20[Official%20Video].mp3?alt=media,Eyes Closed,Ed Sheeran,3/24/2023,https://i.scdn.co/image/ab67616d0000b273340478dfce149f58e2327334,1,1,194848,FALSE,87,GBAHS2201304,2023-07-05T22:56:28Z,"pop,singer-songwriter pop,uk pop",0.777,0.526,2,-6.221,1,0.0645,0.302,0,0.105,0.389,107.071,4,,Atlantic Records UK,"C An Asylum Records UK release, a division of Atlantic Records UK, © 2023 Warner Music UK Limited, P An Asylum Records UK release, a division of Atlantic Records UK, ℗ 2023 Warner Music UK Limited"
Perfect,Ed Sheeran,https://firebasestorage.googleapis.com/v0/b/surfio-417b9.appspot.com/o/music%2FEd%20Sheeran%20-%20Perfect%20(Official%20Music%20Video).mp3?alt=media,÷ (Deluxe),Ed Sheeran,3/3/2017,https://i.scdn.co/image/ab67616d0000b273ba5db46f4b838ef6027e6f96,1,5,263400,FALSE,91,GBAHS1700024,2021-08-08T09:26:31Z,"pop,singer-songwriter pop,uk pop",0.599,0.448,8,-6.312,1,0.0232,0.163,0,0.106,0.168,95.05,3,,Atlantic Records UK,"C © 2017 Asylum Records UK, a division of Atlantic Records UK, a Warner Music Group company., P ℗ 2017 Asylum Records UK, a division of Atlantic Records UK, a Warner Music Group company."
Photograph,Ed Sheeran,https://firebasestorage.googleapis.com/v0/b/surfio-417b9.appspot.com/o/music%2FEd%20Sheeran%20-%20Photograph%20(Official%20Music%20Video).mp3?alt=media,x (Deluxe Edition),Ed Sheeran,6/21/2014,https://i.scdn.co/image/ab67616d0000b27313b3e37318a0c247b550bccd,1,6,258986,FALSE,88,GBAHS1400094,2021-08-08T09:26:31Z,"pop,singer-songwriter pop,uk pop",0.614,0.379,4,-10.48,1,0.0476,0.607,0.000464,0.0986,0.201,107.989,4,,Atlantic Records UK,"C © 2014 Asylum Records UK, a Warner Music UK Company, P ℗ 2014 Asylum Records UK, a Warner Music UK Company, except track 16 2013 Warner Bros. Entertainment Inc. and Metro-Goldwyn-Mayer Pictures Inc."
Shape of You,Ed Sheeran,https://firebasestorage.googleapis.com/v0/b/surfio-417b9.appspot.com/o/music%2FEd%20Sheeran%20-%20Shape%20of%20You%20(Official%20Music%20Video).mp3?alt=media,÷ (Deluxe),Ed Sheeran,3/3/2017,https://i.scdn.co/image/ab67616d0000b273ba5db46f4b838ef6027e6f96,1,4,233712,FALSE,90,GBAHS1600463,2021-08-08T09:26:31Z,"pop,singer-songwriter pop,uk pop",0.825,0.652,1,-3.183,0,0.0802,0.581,0,0.0931,0.931,95.977,4,,Atlantic Records UK,"C © 2017 Asylum Records UK, a division of Atlantic Records UK, a Warner Music Group company., P ℗ 2017 Asylum Records UK, a division of Atlantic Records UK, a Warner Music Group company."
Cold Heart - PNAU Remix,"Elton John, Dua Lipa, PNAU","https://firebasestorage.googleapis.com/v0/b/surfio-417b9.appspot.com/o/music%2FElton%20John,%20Dua%20Lipa%20-%20Cold%20Heart%20(PNAU%20Remix)%20(Official%20Video).mp3?alt=media",Cold Heart (PNAU Remix),"Elton John, Dua Lipa, PNAU",8/13/2021,https://i.scdn.co/image/ab67616d0000b2739f5cce8304c42d3a5463fd23,1,1,202735,FALSE,88,GBUM72104705,2021-11-19T23:17:41Z,"glam rock,mellow gold,piano rock,rock,dance pop,pop,uk pop,alternative dance,aussietronica,australian dance,australian electropop",0.796,0.798,1,-6.312,1,0.0317,0.034,4.19E-05,0.0952,0.942,116.032,4,,EMI,"C © 2021 Mercury Records Limited, P ℗ 2021 Mercury Records Limited"
Cupid - Twin Ver.,FIFTY FIFTY,https://firebasestorage.googleapis.com/v0/b/surfio-417b9.appspot.com/o/music%2FFIFTY%20FIFTY%20(피프티피프티)%20-%20'Cupid'%20%20Official%20MV.mp3?alt=media,The Beginning: Cupid,FIFTY FIFTY,2/24/2023,https://i.scdn.co/image/ab67616d0000b27337c0b3670236c067c8e8bbcb,1,2,174253,FALSE,97,KSA012239181,2023-06-06T09:13:21Z,k-pop girl group,0.783,0.592,11,-8.332,0,0.0331,0.435,4.15E-06,0.347,0.726,120.018,4,,WM Korea,"C © 2023 ATTRAKT under exclusive license to Warner Music Korea, P ℗ 2023 ATTRAKT under exclusive license to Warner Music Korea"
Dreams - 2004 Remaster,Fleetwood Mac,https://firebasestorage.googleapis.com/v0/b/surfio-417b9.appspot.com/o/music%2FDreams%20(2004%20Remaster).mp3?alt=media,Rumours (Super Deluxe),Fleetwood Mac,2/4/1977,https://i.scdn.co/image/ab67616d0000b273e52a59a28efa4773dd2bfe1b,1,2,257800,FALSE,88,USWB11301111,2021-08-08T09:26:31Z,"album rock,classic rock,rock,soft rock,yacht rock",0.828,0.492,0,-9.744,1,0.0276,0.0644,0.00428,0.128,0.789,120.151,4,,Rhino/Warner Records,"C © 2013 Warner Records Inc., P ℗ 2013 Warner Records Inc. Marketed by Rhino Entertainment Company, a Warner Music Group Company."
Pumped Up Kicks,Foster The People,https://firebasestorage.googleapis.com/v0/b/surfio-417b9.appspot.com/o/music%2FFoster%20The%20People%20-%20Pumped%20Up%20Kicks%20(Official%20Video).mp3?alt=media,Torches,Foster The People,5/23/2011,https://i.scdn.co/image/ab67616d0000b273121d5f92cf90576907dfb1e5,1,2,239600,FALSE,87,USSM11002931,2021-08-08T09:26:31Z,"indietronica,modern alternative rock,modern rock,rock",0.733,0.71,5,-5.849,0,0.0292,0.145,0.115,0.0956,0.965,127.975,4,,Columbia,"P (P) 2010, 2011 Sony Music Entertainment"
Feel Good Inc.,Gorillaz,https://firebasestorage.googleapis.com/v0/b/surfio-417b9.appspot.com/o/music%2FGorillaz%20-%20Feel%20Good%20Inc.%20(Official%20Video).mp3?alt=media,Demon Days,Gorillaz,5/23/2005,https://i.scdn.co/image/ab67616d0000b27319d85a472f328a6ed9b704cf,1,6,222640,FALSE,87,GBAYE0500172,2021-08-08T09:26:31Z,"alternative hip hop,modern rock,rock",0.818,0.705,6,-6.679,1,0.177,0.00836,0.00233,0.613,0.772,138.559,4,,Parlophone UK,"C © 2005 Parlophone Records Ltd. This label copy information is the subject of copyright protection. All rights reserved. (C) 2005 Parlophone Records Ltd, P ℗ 2005 The copyright in this sound recording is owned by Parlophone Records Ltd"
Adore You,Harry Styles,https://firebasestorage.googleapis.com/v0/b/surfio-417b9.appspot.com/o/music%2FHarry%20Styles%20-%20Adore%20You%20(Official%20Video).mp3?alt=media,Fine Line,Harry Styles,12/13/2019,https://i.scdn.co/image/ab67616d0000b27377fdcfda6535601aff081b6a,1,3,207133,FALSE,88,USSM11912588,2021-08-08T09:26:31Z,pop,0.676,0.771,8,-3.675,1,0.0483,0.0237,7.00E-06,0.102,0.569,99.048,4,,Columbia,"P (P) 2019 Erskine Records Limited, under exclusive license to Columbia Records, a Division of Sony Music Entertainment"
As It Was,Harry Styles,https://firebasestorage.googleapis.com/v0/b/surfio-417b9.appspot.com/o/music%2FHarry%20Styles%20-%20As%20It%20Was%20(Lyrics).mp3?alt=media,As It Was,Harry Styles,3/31/2022,https://i.scdn.co/image/ab67616d0000b273b46f74097655d7f353caab14,1,1,167303,FALSE,93,USSM12200612,2022-04-05T08:06:34Z,pop,0.52,0.731,6,-5.338,0,0.0557,0.342,0.00101,0.311,0.662,173.93,4,,Columbia,"P (P) 2022 Erskine Records Limited, under exclusive license to Columbia Records, a Division of Sony Music Entertainment"
Watermelon Sugar,Harry Styles,https://firebasestorage.googleapis.com/v0/b/surfio-417b9.appspot.com/o/music%2FHarry%20Styles%20-%20Watermelon%20Sugar%20(Official%20Video).mp3?alt=media,Fine Line,Harry Styles,12/13/2019,https://i.scdn.co/image/ab67616d0000b27377fdcfda6535601aff081b6a,1,2,174000,FALSE,92,USSM11912587,2021-08-08T09:26:31Z,pop,0.548,0.816,0,-4.209,1,0.0465,0.122,0,0.335,0.557,95.39,4,,Columbia,"P (P) 2019 Erskine Records Limited, under exclusive license to Columbia Records, a Division of Sony Music Entertainment"
Believer,Imagine Dragons,https://firebasestorage.googleapis.com/v0/b/surfio-417b9.appspot.com/o/music%2FImagine%20Dragons%20-%20Believer%20(Official%20Music%20Video).mp3?alt=media,Evolve,Imagine Dragons,6/23/2017,https://i.scdn.co/image/ab67616d0000b2735675e83f707f1d7271e5cf8a,1,4,204346,FALSE,91,USUM71700626,2021-08-08T09:26:31Z,"modern rock,pop,rock",0.776,0.78,10,-4.374,0,0.128,0.0622,0,0.081,0.666,124.949,4,,Kid Ina Korner / Interscope,"C © 2018 KIDinaKORNER/Interscope Records, P ℗ 2018 KIDinaKORNER/Interscope Records"
Bones,Imagine Dragons,https://firebasestorage.googleapis.com/v0/b/surfio-417b9.appspot.com/o/music%2FImagine%20Dragons%20-%20Bones%20(Official%20Audio).mp3?alt=media,Mercury - Acts 1 & 2,Imagine Dragons,7/1/2022,https://i.scdn.co/image/ab67616d0000b273fc915b69600dce2991a61f13,2,1,165264,FALSE,88,USUM72201759,2022-10-15T22:27:15Z,"modern rock,pop,rock",0.772,0.75,5,-3.67,0,0.0455,0.0201,0,0.074,0.587,114.061,4,,Kid Ina Korner / Interscope,"C © 2022 KIDinaKORNER/Interscope Records, P ℗ 2022 KIDinaKORNER/Interscope Records"
Demons,Imagine Dragons,https://firebasestorage.googleapis.com/v0/b/surfio-417b9.appspot.com/o/music%2FImagine%20Dragons%20-%20Demons%20(Official%20Music%20Video).mp3?alt=media,Night Visions,Imagine Dragons,9/4/2012,https://i.scdn.co/image/ab67616d0000b273407bd04707c463bbb3410737,1,4,177506,FALSE,88,USUM71201071,2021-11-17T22:20:56Z,"modern rock,pop,rock",0.505,0.71,3,-3.015,1,0.0321,0.19,0.00025,0.269,0.428,89.938,4,,Kid Ina Korner / Interscope,"C © 2013 KIDinaKORNER/Interscope Records, P ℗ 2013 KIDinaKORNER/Interscope Records"
Thunder,Imagine Dragons,https://firebasestorage.googleapis.com/v0/b/surfio-417b9.appspot.com/o/music%2FImagine%20Dragons%20-%20Thunder.mp3?alt=media,Evolve,Imagine Dragons,6/23/2017,https://i.scdn.co/image/ab67616d0000b2735675e83f707f1d7271e5cf8a,1,10,187146,FALSE,89,USUM71704167,2021-08-08T09:26:31Z,"modern rock,pop,rock",0.605,0.822,0,-4.833,1,0.0438,0.00671,0.134,0.147,0.288,167.997,4,,Kid Ina Korner / Interscope,"C © 2018 KIDinaKORNER/Interscope Records, P ℗ 2018 KIDinaKORNER/Interscope Records"
Say You Won't Let Go,James Arthur,https://firebasestorage.googleapis.com/v0/b/surfio-417b9.appspot.com/o/music%2FJames%20Arthur%20-%20Say%20You%20Won't%20Let%20Go.mp3?alt=media,Back from the Edge,James Arthur,10/28/2016,https://i.scdn.co/image/ab67616d0000b27320beb61f61fcbeb33b10a9ab,1,2,211466,FALSE,89,DEE861600586,2021-08-08T09:26:31Z,"pop,talent show,uk pop",0.358,0.557,10,-7.398,1,0.059,0.695,0,0.0902,0.494,85.043,4,,Columbia,P (P) 2016 Sony Music Entertainment Germany GmbH
All of Me,John Legend,https://firebasestorage.googleapis.com/v0/b/surfio-417b9.appspot.com/o/music%2FJohn%20Legend%20-%20All%20of%20Me%20(Official%20Video).mp3?alt=media,Love In The Future (Expanded Edition),John Legend,8/30/2013,https://i.scdn.co/image/ab67616d0000b27394c9217a398f5174757c0c78,1,6,269560,FALSE,88,USSM11303954,2021-08-08T09:26:31Z,"neo soul,pop,pop soul,urban contemporary",0.422,0.264,8,-7.064,1,0.0322,0.922,0,0.132,0.331,119.93,4,,G.O.O.D. Music/Columbia,"P (P) 2013 Getting Out Our Dreams and Columbia Records, a Division of Sony Music Entertainment"
Ghost,Justin Bieber,https://firebasestorage.googleapis.com/v0/b/surfio-417b9.appspot.com/o/music%2FJustin%20Bieber%20-%20Ghost.mp3?alt=media,Justice,Justin Bieber,3/19/2021,https://i.scdn.co/image/ab67616d0000b273e6f407c7f3a0ec98845e4431,1,11,153190,FALSE,89,USUM72102635,2022-07-25T00:19:42Z,"canadian pop,pop",0.601,0.741,2,-5.569,1,0.0478,0.185,2.91E-05,0.415,0.441,153.96,4,,RBMG/Def Jam,"C © 2021 Def Jam Recordings, a division of UMG Recordings, Inc., P ℗ 2021 Def Jam Recordings, a division of UMG Recordings, Inc."
Love Yourself,Justin Bieber,https://firebasestorage.googleapis.com/v0/b/surfio-417b9.appspot.com/o/music%2FJustin%20Bieber%20-%20Love%20Yourself%20(PURPOSE%20_%20The%20Movement).mp3?alt=media,Purpose (Deluxe),Justin Bieber,11/13/2015,https://i.scdn.co/image/ab67616d0000b273f46b9d202509a8f7384b90de,1,5,233720,FALSE,88,USUM71516761,2021-08-08T09:26:31Z,"canadian pop,pop",0.609,0.378,4,-9.828,1,0.438,0.835,0,0.28,0.515,100.418,4,,RBMG/Def Jam,"C © 2015 Def Jam Recordings, a division of UMG Recordings, Inc., P ℗ 2015 Def Jam Recordings, a division of UMG Recordings, Inc."
Somewhere Only We Know,Keane,https://firebasestorage.googleapis.com/v0/b/surfio-417b9.appspot.com/o/music%2FKeane%20-%20Somewhere%20Only%20We%20Know%20(Official%20Music%20Video).mp3?alt=media,Hopes And Fears,Keane,5/10/2004,https://i.scdn.co/image/ab67616d0000b2737d6cd95a046a3c0dacbc7d33,1,1,237146,FALSE,89,GBAAN0300664,2021-08-08T09:26:31Z,"neo mellow,piano rock,pop rock",0.448,0.665,9,-4.203,1,0.026,0.06,2.55E-05,0.0828,0.304,172.004,4,,Universal-Island Records Ltd.,"C © 2004 Universal Island Records Ltd. A Universal Music Company., P ℗ 2004 Universal Island Records Ltd. A Universal Music Company."
All The Stars (with SZA),"Kendrick Lamar, SZA","https://firebasestorage.googleapis.com/v0/b/surfio-417b9.appspot.com/o/music%2FKendrick%20Lamar,%20SZA%20-%20All%20The%20Stars.mp3?alt=media",Black Panther The Album Music From And Inspired By,"Kendrick Lamar, SZA",2/9/2018,https://i.scdn.co/image/ab67616d0000b273c027ad28821777b00dcaa888,1,2,232186,TRUE,87,USUM71713947,2021-08-08T09:26:31Z,"conscious hip hop,hip hop,rap,west coast rap,pop,r&b,rap",0.698,0.633,8,-4.946,1,0.0597,0.0605,0.000194,0.0926,0.552,96.924,4,,Black Panther (TDE/DMG) PS,"C © 2018 Aftermath Records, P ℗ 2018 Aftermath Records"
Padam Padam,Kylie Minogue,https://firebasestorage.googleapis.com/v0/b/surfio-417b9.appspot.com/o/music%2FKylie%20Minogue%20-%20Padam%20Padam%20(Official%20Video).mp3?alt=media,Padam Padam,Kylie Minogue,5/19/2023,https://i.scdn.co/image/ab67616d0000b2730536a87c690530562f30d493,1,1,166266,FALSE,69,GB5KW2301017,2023-07-25T11:57:02Z,"australian dance,australian pop,dance pop,eurodance,new wave pop",0.744,0.62,5,-7.93,1,0.246,0.214,0.00116,0.103,0.711,128.103,4,,Liberator Music,"C 2023 Kylie Minogue/Darenote under exclusive license to BMG Rights Management (UK) Limited, P 2023 Kylie Minogue/Darenote under exclusive license to BMG Rights Management (UK) Limited"
Shallow,"Lady Gaga, Bradley Cooper","https://firebasestorage.googleapis.com/v0/b/surfio-417b9.appspot.com/o/music%2FLady%20Gaga,%20Bradley%20Cooper%20-%20Shallow%20(from%20A%20Star%20Is%20Born)%20(Official%20Music%20Video).mp3?alt=media",A Star Is Born Soundtrack,"Lady Gaga, Bradley Cooper",10/5/2018,https://i.scdn.co/image/ab67616d0000b273e2d156fdc691f57900134342,1,12,215733,FALSE,87,USUM71813192,2021-08-08T09:26:31Z,"art pop,dance pop,pop,hollywood",0.572,0.385,7,-6.362,1,0.0308,0.371,0,0.231,0.323,95.799,4,,A Star is Born OST,"C © 2018 Interscope Records, Motion Picture Artwork © 2018 Warner Bros. Entertainment Inc. Motion Picture Photography © 2018 Warner Bros. Entertainment Inc. and Metro-Goldwyn-Mayer Inc.,, P ℗ 2018 Interscope Records"
Before You Go,Lewis Capaldi,https://firebasestorage.googleapis.com/v0/b/surfio-417b9.appspot.com/o/music%2FLewis%20Capaldi%20-%20Before%20You%20Go%20(Official%20Video).mp3?alt=media,Divinely Uninspired To A Hellish Extent (Extended Edition),Lewis Capaldi,11/22/2019,https://i.scdn.co/image/ab67616d0000b2737b9639babbe96e25071ec1d4,1,13,215106,FALSE,88,DEUM71905868,2021-08-08T09:26:31Z,"pop,uk pop",0.459,0.575,3,-4.858,1,0.0573,0.604,0,0.0885,0.183,111.881,4,,Vertigo Berlin,"C © 2019 Universal Music GmbH, P ℗ 2019 Universal Music GmbH"
Wish You The Best,Lewis Capaldi,https://firebasestorage.googleapis.com/v0/b/surfio-417b9.appspot.com/o/music%2FLewis%20Capaldi%20-%20Wish%20You%20The%20Best%20(Live%20from%20The%20Voice).mp3?alt=media,Wish You The Best,Lewis Capaldi,4/14/2023,https://i.scdn.co/image/ab67616d0000b273f4b2bcecd4647b0ba6f59e0b,1,1,210880,FALSE,67,DEUM72206010,2023-07-05T22:56:22Z,"pop,uk pop",0.678,0.48,3,-3.607,1,0.0298,0.588,0,0.0954,0.49,107.934,4,,Vertigo Berlin,"C © 2023 Universal Music GmbH, P ℗ 2023 Universal Music GmbH"
In the End,Linkin Park,https://firebasestorage.googleapis.com/v0/b/surfio-417b9.appspot.com/o/music%2FIn%20The%20End%20[Official%20HD%20Music%20Video]%20-%20Linkin%20Park.mp3?alt=media,Hybrid Theory (Bonus Edition),Linkin Park,10/24/2000,https://i.scdn.co/image/ab67616d0000b273e2f039481babe23658fc719a,1,8,216880,FALSE,89,USWB10002407,2021-08-08T09:26:31Z,"alternative metal,nu metal,post-grunge,rap metal,rock",0.556,0.864,3,-5.87,0,0.0584,0.00958,0,0.209,0.4,105.143,4,,Warner Records,"C © 2000 Warner Records Inc., P ℗ 2000 Warner Records Inc."
Numb,Linkin Park,https://firebasestorage.googleapis.com/v0/b/surfio-417b9.appspot.com/o/music%2FNumb%20(Official%20Music%20Video)%20[4K%20UPGRADE]%20%20Linkin%20Park.mp3?alt=media,Meteora,Linkin Park,3/24/2003,https://i.scdn.co/image/ab67616d0000b273b4ad7ebaf4575f120eb3f193,1,13,185586,FALSE,88,USWB10300474,2021-08-08T09:26:31Z,"alternative metal,nu metal,post-grunge,rap metal,rock",0.496,0.863,9,-4.153,1,0.0381,0.0046,0,0.639,0.243,110.018,4,,Warner Records,"C © 2003 Warner Records Inc., P ℗ 2003 Warner Records Inc."
Where Are You Now,"Lost Frequencies, Calum Scott",https://firebasestorage.googleapis.com/v0/b/surfio-417b9.appspot.com/o/music%2FLost%20Frequencies%20ft.%20Calum%20Scott%20-%20Where%20Are%20You%20Now%20(Official%20video).mp3?alt=media,Where Are You Now,"Lost Frequencies, Calum Scott",7/30/2021,https://i.scdn.co/image/ab67616d0000b2738d7a7f1855b04104ba59c18b,1,1,148197,FALSE,89,BEHP42100067,2021-11-20T11:36:45Z,"belgian edm,edm,pop dance,tropical house,pop",0.671,0.636,6,-8.117,0,0.103,0.515,0.000411,0.172,0.262,120.966,4,,Epic Amsterdam,"P (P) 2021 Lost & Cie Music SPRL exclusively licensed to Epic Amsterdam, with courtesy of Sony Music Entertainment Belgium NV/SA"
Fast Car,Luke Combs,https://firebasestorage.googleapis.com/v0/b/surfio-417b9.appspot.com/o/music%2FLuke%20Combs%20-%20Fast%20Car%20(Lyrics).mp3?alt=media,Gettin' Old,Luke Combs,3/24/2023,https://i.scdn.co/image/ab67616d0000b273ca650d3a95022e0490434ba1,1,14,265493,FALSE,92,US6XF2200436,2023-05-07T11:59:41Z,"contemporary country,country",0.712,0.603,8,-5.52,1,0.0262,0.186,0,0.115,0.67,97.994,4,,River House Artists/Columbia Nashville,"P (P) 2023 River House Artists LLC, under exclusive license to Sony Music Entertainment. All rights reserved."
Made You Look,Meghan Trainor,https://firebasestorage.googleapis.com/v0/b/surfio-417b9.appspot.com/o/music%2FMeghan%20Trainor%20-%20Made%20You%20Look%20(Lyrics).mp3?alt=media,Takin' It Back,Meghan Trainor,10/21/2022,https://i.scdn.co/image/ab67616d0000b2731a4f1ada93881da4ca8060ff,1,2,134256,FALSE,88,USSM12204574,2022-12-28T10:16:46Z,"hip pop,pop",0.838,0.525,10,-3.562,1,0.0665,0.345,1.92E-06,0.0771,0.884,144.981,4,,Epic,"P (P) 2022 Epic Records, a division of Sony Music Entertainment"
Creepin' (with The Weeknd & 21 Savage),"Metro Boomin, The Weeknd, 21 Savage","https://firebasestorage.googleapis.com/v0/b/surfio-417b9.appspot.com/o/music%2FMetro%20Boomin,%20The%20Weeknd,%2021%20Savage%20-%20Creepin'.mp3?alt=media",HEROES & VILLAINS,Metro Boomin,12/2/2022,https://i.scdn.co/image/ab67616d0000b27313e54d6687e65678d60466c2,1,10,221520,TRUE,95,USUG12208791,2023-05-07T12:00:09Z,"hip hop,rap,canadian contemporary r&b,canadian pop,pop,atl hip hop,hip hop,rap,trap",0.715,0.62,1,-6.005,0,0.0484,0.417,0,0.0822,0.172,97.95,4,,Republic Records,"C © 2022 Boominati Worldwide, LLC, under exclusive license to Republic Records, a division of UMG Recordings, Inc., P ℗ 2022 Boominati Worldwide, LLC, under exclusive license to Republic Records, a division of UMG Recordings, Inc."
Flowers,Miley Cyrus,https://firebasestorage.googleapis.com/v0/b/surfio-417b9.appspot.com/o/music%2FMiley%20Cyrus%20-%20Flowers.mp3?alt=media,Flowers,Miley Cyrus,1/13/2023,https://i.scdn.co/image/ab67616d0000b273f429549123dbe8552764ba1d,1,1,200454,FALSE,96,USSM12209777,2023-02-01T19:33:29Z,pop,0.707,0.681,0,-4.325,1,0.0668,0.0632,5.15E-06,0.0322,0.646,117.999,4,,Columbia,"P (P) 2023 Smiley Miley, Inc. under exclusive license to Columbia Records, a Division of Sony Music Entertainment"
Last Night,Morgan Wallen,https://firebasestorage.googleapis.com/v0/b/surfio-417b9.appspot.com/o/music%2FMorgan%20Wallen%20-%20Last%20Night.mp3?alt=media,3 Songs At A Time Sampler,Morgan Wallen,1/31/2023,https://i.scdn.co/image/ab67616d0000b273fc1df8423733f6f3c9e8dea2,1,1,163854,TRUE,91,USUG12300802,2023-07-05T22:57:00Z,contemporary country,0.517,0.675,6,-5.382,1,0.0357,0.459,0,0.151,0.518,203.853,4,,Big Loud Records / Mercury Records / Republic Records,"C © 2023 Big Loud Records, under exclusive license to Mercury Records/Republic Records, a division of UMG Recordings, Inc., P ℗ 2023 Big Loud Records, under exclusive license to Mercury Records/Republic Records, a division of UMG Recordings, Inc."
Miss You,"Oliver Tree, Robin Schulz",https://firebasestorage.googleapis.com/v0/b/surfio-417b9.appspot.com/o/music%2FOliver%20Tree%20&%20Robin%20Schulz%20-%20Miss%20You%20[Official%20Music%20Video].mp3?alt=media,Miss You,"Oliver Tree, Robin Schulz",8/5/2022,https://i.scdn.co/image/ab67616d0000b2735b1bff1152ef6d402c9b75a8,1,1,206000,TRUE,87,USAT22211992,2023-07-05T22:57:12Z,"alternative hip hop,deep euro house,deep house,edm,german dance,pop dance,tropical house",0.587,0.742,6,-6.64,0,0.0529,0.0128,0.00107,0.146,0.199,145.007,4,,Atlantic Records,"C © 2022 Atlantic Recording Corporation, P ℗ 2022 Atlantic Recording Corporation"
vampire,Olivia Rodrigo,https://firebasestorage.googleapis.com/v0/b/surfio-417b9.appspot.com/o/music%2FOlivia%20Rodrigo-%20Vampire%20(lyrics).mp3?alt=media,vampire,Olivia Rodrigo,6/30/2023,https://i.scdn.co/image/ab67616d0000b2731e5e75dc1d878a0007cb6525,1,1,219724,TRUE,98,USUG12304091,2023-07-05T22:55:39Z,pop,0.511,0.532,5,-5.745,1,0.056,0.169,0,0.311,0.322,137.827,4,,Olivia Rodrigo PS,"C © 2023 Olivia Rodrigo, under exclusive license to Geffen Records, P ℗ 2023 Olivia Rodrigo, under exclusive license to Geffen Records"
Night Changes,One Direction,https://firebasestorage.googleapis.com/v0/b/surfio-417b9.appspot.com/o/music%2FOne%20Direction%20-%20Night%20Changes.mp3?alt=media,FOUR (Deluxe),One Direction,11/17/2014,https://i.scdn.co/image/ab67616d0000b273d304ba2d71de306812eebaf4,1,7,226600,FALSE,91,GBHMU1400165,2021-08-08T09:26:31Z,"boy band,pop,post-teen pop,talent show",0.672,0.52,8,-7.747,1,0.0353,0.859,0,0.115,0.37,120.001,4,,Syco Music,P (P) 2014 Simco Limited under exclusive license to Sony Music Entertainment UK Limited
What Makes You Beautiful,One Direction,https://firebasestorage.googleapis.com/v0/b/surfio-417b9.appspot.com/o/music%2FOne%20Direction%20-%20What%20Makes%20You%20Beautiful%20(Official%20Video).mp3?alt=media,Up All Night,One Direction,5/25/2012,https://i.scdn.co/image/ab67616d0000b2734a5584795dc73860653a9a3e,1,1,199986,FALSE,88,GBHMU1100018,2021-08-08T09:26:31Z,"boy band,pop,post-teen pop,talent show",0.726,0.787,4,-2.494,1,0.0737,0.009,0,0.0596,0.888,124.99,4,,Syco Music UK,P Track 2 & 18 (P) 2011; all othertracks (P) 2012 Simco Limited under exclusive license to Sony Music Entertainment UK Limited
Counting Stars,OneRepublic,https://firebasestorage.googleapis.com/v0/b/surfio-417b9.appspot.com/o/music%2FOneRepublic%20-%20Counting%20Stars.mp3?alt=media,Native,OneRepublic,1/1/2013,https://i.scdn.co/image/ab67616d0000b2739e2f95ae77cf436017ada9cb,1,1,257265,FALSE,89,USUM71301306,2021-08-08T09:26:31Z,"piano rock,pop",0.664,0.705,1,-4.972,0,0.0382,0.0654,0,0.118,0.477,122.016,4,,Mosley / Interscope,"C © 2013 Mosley Music/Interscope Records, P ℗ 2013 Mosley Music/Interscope Records"
I Ain't Worried,OneRepublic,https://firebasestorage.googleapis.com/v0/b/surfio-417b9.appspot.com/o/music%2FOneRepublic%20-%20I%20Ain't%20Worried.mp3?alt=media,"I Ain’t Worried (Music From The Motion Picture ""Top Gun: Maverick"")",OneRepublic,5/13/2022,https://i.scdn.co/image/ab67616d0000b273ec96e006b8bdfc582610ec13,1,1,148485,FALSE,95,USUM72206227,2022-08-28T06:14:50Z,"piano rock,pop",0.704,0.797,0,-5.927,1,0.0475,0.0826,0.000745,0.0546,0.825,139.994,4,,Interscope Records,"C © 2022 Paramount Pictures, P ℗ 2022 Mosley Music/Interscope Records"
Circles,Post Malone,https://firebasestorage.googleapis.com/v0/b/surfio-417b9.appspot.com/o/music%2FPost%20Malone%20-%20Circles%20(Official%20Music%20Video).mp3?alt=media,Hollywood's Bleeding,Post Malone,9/6/2019,https://i.scdn.co/image/ab67616d0000b2739478c87599550dd73bfa7e02,1,6,215280,FALSE,90,USUM71915699,2021-08-08T09:26:31Z,"dfw rap,melodic rap,pop,rap",0.695,0.762,0,-3.497,1,0.0395,0.192,0.00244,0.0863,0.553,120.042,4,,Republic Records,"C © 2019 Republic Records, a division of UMG Recordings, Inc., P ℗ 2019 Republic Records, a division of UMG Recordings, Inc."
Sunflower - Spider-Man: Into the Spider-Verse,"Post Malone, Swae Lee","https://firebasestorage.googleapis.com/v0/b/surfio-417b9.appspot.com/o/music%2FPost%20Malone,%20Swae%20Lee%20-%20Sunflower%20(Spider-Man_%20Into%20the%20Spider-Verse)%20(Official%20Video).mp3?alt=media",Hollywood's Bleeding,Post Malone,9/6/2019,https://i.scdn.co/image/ab67616d0000b2739478c87599550dd73bfa7e02,1,12,157560,FALSE,88,USUM71814888,2021-08-08T09:26:31Z,"dfw rap,melodic rap,pop,rap,melodic rap,rap,trap",0.755,0.522,2,-4.368,1,0.0575,0.533,0,0.0685,0.925,89.96,4,,Republic Records,"C © 2019 Republic Records, a division of UMG Recordings, Inc., P ℗ 2019 Republic Records, a division of UMG Recordings, Inc."
Flip A Switch. (feat. Coi Leray) - Remix,"RAYE, Coi Leray",https://firebasestorage.googleapis.com/v0/b/surfio-417b9.appspot.com/o/music%2FRAYE%20%20-%20'Flip%20A%20Switch.'%20Remix%20ft.%20Coi%20Leray%20(Official%20Lyric%20Video).mp3?alt=media,Flip A Switch. (feat. Coi Leray) [Remix],"RAYE, Coi Leray",4/21/2023,https://i.scdn.co/image/ab67616d0000b27373c1bf01c497d9e3e9913a28,1,1,201360,TRUE,66,QM6MZ2307127,2023-06-14T04:37:14Z,"uk contemporary r&b,uk pop,new jersey underground rap,trap queen",0.697,0.538,1,-5.826,0,0.0455,0.0422,2.95E-05,0.208,0.49,94.049,4,,Human Re Sources,"C (C) 2023 Human Re Sources, P (P) 2023 RAYE under exclusive license to Human Re Sources"
Calm Down (with Selena Gomez),"Rema, Selena Gomez",https://firebasestorage.googleapis.com/v0/b/surfio-417b9.appspot.com/o/music%2FRema%20&%20Selena%20Gomez%20-%20Calm%20Down%20(Official%20Lyric%20Video).mp3?alt=media,Calm Down (with Selena Gomez),"Rema, Selena Gomez",8/25/2022,https://i.scdn.co/image/ab67616d0000b273a3a7f38ea2033aa501afd4cf,1,1,239317,FALSE,94,NGA3B2214021,2023-07-05T22:56:51Z,"afrobeats,nigerian pop,pop,post-teen pop",0.801,0.806,11,-5.206,1,0.0381,0.382,0.000669,0.114,0.802,106.999,4,,Mavin Records / Jonzing World,"C © 2022 Mavin Global Holdings Ltd/Jonzing World Entertainment/SMG Music LLC, under exclusive licence to Interscope Records, P ℗ 2022 Mavin Global Holdings Ltd/Jonzing World Entertainment/SMG Music LLC, under exclusive licence to Interscope Records"
Stay With Me,Sam Smith,https://firebasestorage.googleapis.com/v0/b/surfio-417b9.appspot.com/o/music%2FSam%20Smith%20-%20Stay%20With%20Me%20(Official%20Music%20Video).mp3?alt=media,In The Lonely Hour,Sam Smith,5/26/2014,https://i.scdn.co/image/ab67616d0000b273b11bdc91cb9ac6b14f5c1dae,1,3,172723,FALSE,87,GBUM71308833,2021-08-08T09:26:31Z,"pop,uk pop",0.418,0.42,0,-6.444,1,0.0414,0.588,6.39E-05,0.11,0.184,84.094,4,,Capitol,"C © 2014 Capitol Records, a division of Universal Music Operations Limited, P ℗ 2014 Capitol Records, a division of Universal Music Operations Limited"
Too Good At Goodbyes,Sam Smith,https://firebasestorage.googleapis.com/v0/b/surfio-417b9.appspot.com/o/music%2FSam%20Smith%20-%20Too%20Good%20At%20Goodbyes.mp3?alt=media,The Thrill Of It All (Special Edition),Sam Smith,11/3/2017,https://i.scdn.co/image/ab67616d0000b273005cd7d0ae87b081601f6cca,1,1,201000,FALSE,87,GBUM71704089,2021-08-08T09:26:31Z,"pop,uk pop",0.681,0.372,5,-8.237,1,0.0432,0.64,0,0.169,0.476,91.873,4,,Capitol,"C © 2017 Universal Music Operations Limited, P ℗ 2017 Universal Music Operations Limited"
Unholy (feat. Kim Petras),"Sam Smith, Kim Petras","https://firebasestorage.googleapis.com/v0/b/surfio-417b9.appspot.com/o/music%2FUnholy%20-%20Sam%20Smith,%20Kim%20Petras.mp3?alt=media",Unholy (feat. Kim Petras),"Sam Smith, Kim Petras",9/22/2022,https://i.scdn.co/image/ab67616d0000b273a935e4689f15953311772cc4,1,1,156943,FALSE,90,GBUM72205415,2022-10-20T10:05:08Z,"pop,uk pop,alt z,pop,transpop",0.714,0.472,2,-7.375,1,0.0864,0.013,4.51E-06,0.266,0.238,131.121,4,,Capitol Records UK / EMI,"C © 2022 Universal Music Operations Limited, P ℗ 2022 Universal Music Operations Limited"
Hips Don't Lie (feat. Wyclef Jean),"Shakira, Wyclef Jean",https://firebasestorage.googleapis.com/v0/b/surfio-417b9.appspot.com/o/music%2FShakira%20-%20Hips%20Don't%20Lie%20(Official%204K%20Video)%20ft.%20Wyclef%20Jean.mp3?alt=media,"Oral Fixation, Vol. 2 (Expanded Edition)",Shakira,11/28/2005,https://i.scdn.co/image/ab67616d0000b27327ddd747545c0d0cfe7595fa,1,3,218093,FALSE,88,USSM10600677,2021-08-08T09:26:31Z,"colombian pop,dance pop,latin pop,pop,rap kreyol",0.778,0.824,10,-5.892,0,0.0707,0.284,0,0.405,0.758,100.024,4,,Epic,P (P) 2005 Sony Music Entertainment (Holland) B.V.
There's Nothing Holdin' Me Back,Shawn Mendes,https://firebasestorage.googleapis.com/v0/b/surfio-417b9.appspot.com/o/music%2FShawn%20Mendes%20-%20There's%20Nothing%20Holdin'%20Me%20Back%20(Official%20Music%20Video).mp3?alt=media,Illuminate (Deluxe),Shawn Mendes,4/20/2017,https://i.scdn.co/image/ab67616d0000b273ea3ef7697cfd5705b8f47521,1,1,199440,FALSE,89,USUM71702833,2021-08-08T09:26:31Z,"canadian pop,pop,viral pop",0.866,0.813,11,-4.063,0,0.0554,0.38,0,0.0779,0.969,121.998,4,,Island Records,"C © 2016 Island Records, a division of UMG Recordings, Inc., P This Compilation ℗ 2017 Island Records, a division of UMG Recordings, Inc."
The Less I Know The Better,Tame Impala,https://firebasestorage.googleapis.com/v0/b/surfio-417b9.appspot.com/o/music%2FTame%20Impala%20-%20The%20Less%20I%20Know%20The%20Better%20(Audio).mp3?alt=media,Currents,Tame Impala,7/17/2015,https://i.scdn.co/image/ab67616d0000b2739e1cfc756886ac782e363d79,1,7,216320,TRUE,88,AUUM71500303,2021-08-08T09:26:31Z,"australian psych,modern rock,neo-psychedelic,rock",0.64,0.74,4,-4.083,1,0.0284,0.0115,0.00678,0.167,0.785,116.879,4,,Universal Music Australia Pty. Ltd.,"C © 2015 Modular Recordings, P ℗ 2015 Modular Recordings, under exclusive license to Universal Music Australia Pty Limited"
Anti-Hero,Taylor Swift,https://firebasestorage.googleapis.com/v0/b/surfio-417b9.appspot.com/o/music%2FANTI-HERO%20Taylor%20Swift.mp3?alt=media,Midnights,Taylor Swift,10/21/2022,https://i.scdn.co/image/ab67616d0000b273bb54dde68cd23e2a268ae0f5,1,3,200690,FALSE,95,USUG12205736,2022-11-02T00:25:27Z,pop,0.637,0.643,4,-6.571,1,0.0519,0.13,1.80E-06,0.142,0.533,97.008,4,,Taylor Swift,"C © 2022 Taylor Swift, P ℗ 2022 Taylor Swift"
Blank Space,Taylor Swift,https://firebasestorage.googleapis.com/v0/b/surfio-417b9.appspot.com/o/music%2FTaylor%20Swift%20-%20Blank%20Space.mp3?alt=media,1989 (Deluxe),Taylor Swift,1/1/2014,https://i.scdn.co/image/ab67616d0000b27352b2a3824413eefe9e33817a,1,2,231826,FALSE,92,USCJY1431309,2021-08-08T09:26:31Z,pop,0.76,0.703,5,-5.412,1,0.054,0.103,0,0.0913,0.57,95.997,4,,"Big Machine Records, LLC","C © 2014 Apollo A-1 LLC, P ℗ 2014 Apollo A-1 LLC"
Lover,Taylor Swift,https://firebasestorage.googleapis.com/v0/b/surfio-417b9.appspot.com/o/music%2FTaylor%20Swift%20-%20Lover%20(Official%20Music%20Video).mp3?alt=media,Lover,Taylor Swift,8/23/2019,https://i.scdn.co/image/ab67616d0000b273e787cffec20aa2a396a61647,1,3,221306,FALSE,92,USUG11901473,2021-08-08T09:26:31Z,pop,0.359,0.543,7,-7.582,1,0.0919,0.492,1.58E-05,0.118,0.453,68.534,4,,Taylor Swift,"C © 2019 Taylor Swift, P ℗ 2019 Taylor Swift"
Shake It Off,Taylor Swift,https://firebasestorage.googleapis.com/v0/b/surfio-417b9.appspot.com/o/music%2FTaylor%20Swift%20-%20Shake%20It%20Off.mp3?alt=media,1989 (Deluxe),Taylor Swift,1/1/2014,https://i.scdn.co/image/ab67616d0000b27352b2a3824413eefe9e33817a,1,6,219200,FALSE,88,USCJY1431349,2021-08-08T09:26:31Z,pop,0.647,0.8,7,-5.384,1,0.165,0.0647,0,0.334,0.942,160.078,4,,"Big Machine Records, LLC","C © 2014 Apollo A-1 LLC, P ℗ 2014 Apollo A-1 LLC"
Style,Taylor Swift,https://firebasestorage.googleapis.com/v0/b/surfio-417b9.appspot.com/o/music%2FTaylor%20Swift%20-%20Style.mp3?alt=media,1989 (Deluxe),Taylor Swift,1/1/2014,https://i.scdn.co/image/ab67616d0000b27352b2a3824413eefe9e33817a,1,3,231000,FALSE,92,USCJY1431319,2021-08-08T09:26:31Z,pop,0.588,0.791,7,-5.595,1,0.0402,0.00245,0.00258,0.118,0.487,94.933,4,,"Big Machine Records, LLC","C © 2014 Apollo A-1 LLC, P ℗ 2014 Apollo A-1 LLC"
The Man,Taylor Swift,https://firebasestorage.googleapis.com/v0/b/surfio-417b9.appspot.com/o/music%2FTaylor%20Swift%20-%20The%20Man%20(Official%20Video).mp3?alt=media,Lover,Taylor Swift,8/23/2019,https://i.scdn.co/image/ab67616d0000b273e787cffec20aa2a396a61647,1,4,190360,FALSE,88,USUG11901474,2021-08-08T09:26:31Z,pop,0.777,0.658,0,-5.191,1,0.054,0.0767,0,0.0901,0.633,110.048,4,,Taylor Swift,"C © 2019 Taylor Swift, P ℗ 2019 Taylor Swift"
Everybody Wants To Rule The World,Tears For Fears,https://firebasestorage.googleapis.com/v0/b/surfio-417b9.appspot.com/o/music%2FTears%20For%20Fears%20-%20Everybody%20Wants%20To%20Rule%20The%20World%20(Official%20Music%20Video).mp3?alt=media,Songs From The Big Chair (Super Deluxe Edition),Tears For Fears,2/25/1985,https://i.scdn.co/image/ab67616d0000b27322463d6939fec9e17b2a6235,1,3,251488,FALSE,91,GBF088590110,2021-08-08T09:26:31Z,"new romantic,new wave,new wave pop,permanent wave,rock,sophisti-pop,synthpop",0.645,0.795,7,-12.095,1,0.0527,0.347,0.00389,0.104,0.535,112.067,4,,UMC (Universal Music Catalogue),"C © 2014 Mercury Records Limited, P This Compilation ℗ 2014 Mercury Records Limited"
Something Just Like This,"The Chainsmokers, Coldplay",https://firebasestorage.googleapis.com/v0/b/surfio-417b9.appspot.com/o/music%2FThe%20Chainsmokers%20&%20Coldplay%20-%20Something%20Just%20Like%20This%20(Lyric).mp3?alt=media,Memories...Do Not Open,The Chainsmokers,4/7/2017,https://i.scdn.co/image/ab67616d0000b2730c13d3d5a503c84fcc60ae94,1,5,247160,FALSE,89,USQX91700278,2021-08-08T09:26:31Z,"electropop,pop,permanent wave,pop",0.617,0.635,11,-6.769,0,0.0317,0.0498,1.44E-05,0.164,0.446,103.019,4,,Disruptor Records/Columbia,P (P) 2017 Disruptor Records/Columbia Records
Blinding Lights,The Weeknd,https://firebasestorage.googleapis.com/v0/b/surfio-417b9.appspot.com/o/music%2FThe%20Weeknd%20-%20Blinding%20Lights%20(Official%20Video).mp3?alt=media,After Hours,The Weeknd,3/20/2020,https://i.scdn.co/image/ab67616d0000b2738863bc11d2aa12b54f5aeb36,1,9,200040,FALSE,93,USUG11904206,2021-08-08T09:26:31Z,"canadian contemporary r&b,canadian pop,pop",0.514,0.73,1,-5.934,1,0.0598,0.00146,9.54E-05,0.0897,0.334,171.005,4,,Republic Records,"C © 2020 The Weeknd XO, Inc., marketed by Republic Records, a division of UMG Recordings, Inc., P ℗ 2020 The Weeknd XO, Inc., marketed by Republic Records, a division of UMG Recordings, Inc."
Save Your Tears,The Weeknd,https://firebasestorage.googleapis.com/v0/b/surfio-417b9.appspot.com/o/music%2FThe%20Weeknd%20-%20Save%20Your%20Tears%20(Official%20Music%20Video).mp3?alt=media,After Hours,The Weeknd,3/20/2020,https://i.scdn.co/image/ab67616d0000b2738863bc11d2aa12b54f5aeb36,1,11,215626,TRUE,90,USUG12000658,2021-08-08T09:26:31Z,"canadian contemporary r&b,canadian pop,pop",0.68,0.826,0,-5.487,1,0.0309,0.0212,1.24E-05,0.543,0.644,118.051,4,,Republic Records,"C © 2020 The Weeknd XO, Inc., marketed by Republic Records, a division of UMG Recordings, Inc., P ℗ 2020 The Weeknd XO, Inc., marketed by Republic Records, a division of UMG Recordings, Inc."
Starboy,"The Weeknd, Daft Punk",https://firebasestorage.googleapis.com/v0/b/surfio-417b9.appspot.com/o/music%2FThe%20Weeknd%20-%20Starboy%20ft.%20Daft%20Punk%20(Official%20Video).mp3?alt=media,Starboy,The Weeknd,11/25/2016,https://i.scdn.co/image/ab67616d0000b2734718e2b124f79258be7bc452,1,1,230453,TRUE,94,USUG11600976,2021-08-08T09:26:31Z,"canadian contemporary r&b,canadian pop,pop,electro,filter house,rock",0.679,0.587,7,-7.015,1,0.276,0.141,6.35E-06,0.137,0.486,186.003,4,,Universal Republic Records,"C © 2016 The Weeknd XO, Inc., Manufactured and Marketed by Republic Records, a Division of UMG Recordings, Inc., P ℗ 2016 The Weeknd XO, Inc., Manufactured and Marketed by Republic Records, a Division of UMG Recordings, Inc."
Lay Low,Tiësto,https://firebasestorage.googleapis.com/v0/b/surfio-417b9.appspot.com/o/music%2FTiësto%20-%20Lay%20Low%20(Official%20Music%20Video).mp3?alt=media,Lay Low,Tiësto,1/6/2023,https://i.scdn.co/image/ab67616d0000b273c8fdaf1b33263d88246ba90a,1,1,153442,FALSE,87,NLZ542202348,2023-07-18T22:06:36Z,"big room,brostep,dutch edm,edm,house,pop dance,slap house,trance",0.534,0.855,1,-4.923,0,0.183,0.0607,0.000263,0.346,0.42,122.06,4,,Musical Freedom,"C © 2023 Musical Freedom Label Ltd., P ℗ 2023 Musical Freedom Label Ltd."
10:35,"Tiësto, Tate McRae",https://firebasestorage.googleapis.com/v0/b/surfio-417b9.appspot.com/o/music%2FTiësto%20-%2010_35%20(feat.%20Tate%20McRae)%20(Official%20Music%20Video).mp3?alt=media,DRIVE,Tiësto,4/21/2023,https://i.scdn.co/image/ab67616d0000b273cf8c47967e5c6bbc7dca5abb,1,3,172252,FALSE,78,CYA112001130,2023-05-07T12:00:29Z,"big room,brostep,dutch edm,edm,house,pop dance,slap house,trance,alt z,pop",0.696,0.793,8,-5.733,1,0.097,0.0683,3.78E-06,0.18,0.698,120.003,4,,Atlantic Records,"C © 2022 Musical Freedom Label, LLC under exclusive license to Atlantic Recording Corporation for the world., P ℗ 2022 Musical Freedom Label, LLC under exclusive license to Atlantic Recording Corporation for the world."
Africa,TOTO,https://firebasestorage.googleapis.com/v0/b/surfio-417b9.appspot.com/o/music%2FToto%20-%20Africa%20(Official%20HD%20Video).mp3?alt=media,Toto IV,TOTO,4/8/1982,https://i.scdn.co/image/ab67616d0000b2734a052b99c042dc15f933145b,1,10,295893,FALSE,88,USSM19801941,2021-08-08T09:26:31Z,"album rock,classic rock,hard rock,mellow gold,rock,soft rock,yacht rock",0.671,0.373,9,-18.064,1,0.0323,0.257,8.01E-05,0.0481,0.732,92.718,4,,Columbia,P (P) 1982 Sony Music Entertainment Inc.
Stressed Out,Twenty One Pilots,https://firebasestorage.googleapis.com/v0/b/surfio-417b9.appspot.com/o/music%2Ftwenty%20one%20pilots_%20Stressed%20Out%20[OFFICIAL%20VIDEO].mp3?alt=media,Blurryface,Twenty One Pilots,5/15/2015,https://i.scdn.co/image/ab67616d0000b273de03bfc2991fd5bcfde65ba3,1,2,202333,FALSE,89,USAT21500597,2021-08-08T09:26:31Z,"modern rock,pop,pov: indie,rock",0.734,0.637,4,-5.677,0,0.141,0.0462,2.29E-05,0.0602,0.648,169.977,4,,Fueled By Ramen,"C © 2015 Fueled By Ramen LLC for the United States and WEA International Inc. for the world outside of the United States. A Warner Music Group Company, P ℗ 2015 Fueled By Ramen LLC for the United States and WEA International Inc. for the world outside of the United States. A Warner Music Group Company"
